{
  "ABIRoot": {
    "kind": "Root",
    "name": "TopLevel",
    "printedName": "TopLevel",
    "children": [
      {
        "kind": "Import",
        "name": "SDWebImage",
        "printedName": "SDWebImage",
        "declKind": "Import",
        "moduleName": "SDWebImageModule",
        "declAttributes": [
          "RawDocComment"
        ]
      },
      {
        "kind": "Import",
        "name": "UIKit",
        "printedName": "UIKit",
        "declKind": "Import",
        "moduleName": "SDWebImageModule"
      },
      {
        "kind": "TypeDecl",
        "name": "SDWebImageLoader",
        "printedName": "SDWebImageLoader",
        "children": [
          {
            "kind": "Constructor",
            "name": "init",
            "printedName": "init()",
            "children": [
              {
                "kind": "TypeNominal",
                "name": "SDWebImageLoader",
                "printedName": "SDWebImageModule.SDWebImageLoader",
                "usr": "s:16SDWebImageModule0aB6LoaderC"
              }
            ],
            "declKind": "Constructor",
            "usr": "s:16SDWebImageModule0aB6LoaderCACycfc",
            "mangledName": "$s16SDWebImageModule0aB6LoaderCACycfc",
            "moduleName": "SDWebImageModule",
            "declAttributes": [
              "AccessControl"
            ],
            "init_kind": "Designated"
          },
          {
            "kind": "Function",
            "name": "loadImage",
            "printedName": "loadImage(url:into:)",
            "children": [
              {
                "kind": "TypeNominal",
                "name": "Void",
                "printedName": "()"
              },
              {
                "kind": "TypeNominal",
                "name": "URL",
                "printedName": "Foundation.URL",
                "usr": "s:10Foundation3URLV"
              },
              {
                "kind": "TypeNominal",
                "name": "UIImageView",
                "printedName": "UIKit.UIImageView",
                "usr": "c:objc(cs)UIImageView"
              }
            ],
            "declKind": "Func",
            "usr": "s:16SDWebImageModule0aB6LoaderC04loadB03url4intoy10Foundation3URLV_So11UIImageViewCtF",
            "mangledName": "$s16SDWebImageModule0aB6LoaderC04loadB03url4intoy10Foundation3URLV_So11UIImageViewCtF",
            "moduleName": "SDWebImageModule",
            "declAttributes": [
              "AccessControl"
            ],
            "funcSelfKind": "NonMutating"
          }
        ],
        "declKind": "Class",
        "usr": "s:16SDWebImageModule0aB6LoaderC",
        "mangledName": "$s16SDWebImageModule0aB6LoaderC",
        "moduleName": "SDWebImageModule",
        "declAttributes": [
          "AccessControl"
        ]
      }
    ],
    "json_format_version": 8
  },
  "ConstValues": []
}